EAN,DESCRIPCIÓN,PVP,DROGUERIA,DTO.,CANT.X BULTO,descripcion_limpia,niprod,cod_prod,cod_abrev,descrip1,descrip2,abrev,cod_catprod,codbarra,cod_fbarra,unid_v,base_v,precio,mon_v,costo,base_c,unid_c,mon_c,rel_c_v,rel_v_c,unid_alt,rel_c_a,rel_a_c,cod_mone,habilitado,cod_bonif,pped,st_min,st_max,observ,pc_comision,pc_utilidad,ind_stock,ind_partidas,ind_camestado,ind_series,ind_fvto,ninum,tipo_egreso,pc_diftrans,cod_cvta,cat_item,cant_rep,pto_rep,atrib0,atrib1,atrib2,descrip1_limpia,similaridad
7791939000089,ASPIRINA 100 Estuche: 10 blisters x 10 comp. x 100 mg.,"$4.904,38","$2.305,06",53%,50,aspirina,129373.0,MEG-IAG-01825,ASP100,ASPIRINA 100 VENT3,CAJA X 3000 COMPRIMIDOS - UM: COMPRIMIDO,ult.actual.27/05/24,EM,,,UN,1.0,0,$,"11,94",1,UN,$,1,,UN,1.0,,U$S,1.0,,0.0,0.0,0.0,,,,1.0,1.0,1.0,0.0,1.0,,F,0.0,,ITGEV,0,0.0,VENT 3,,,aspirina vent3,100.0
7791939000089,ASPIRINA 100 Estuche: 10 blisters x 10 comp. x 100 mg.,"$4.904,38","$2.305,06",53%,50,aspirina,96708.0,17678,17678,ASPIRINA 100 VENT-3 100mg blist.x10 x10comp.,,ASPIRINA 100 VENT-3,PT,7791939000089,,UN,1.0,"4904,38",$,"2305,06",1,UN,$,1,0.0,UN,1.0,0.0,U$S,1.0,,0.0,0.0,1000000.0,,0.0,0.0,1.0,1.0,1.0,0.0,1.0,,E,0.0,,ITGEV,0,0.0,VENT 3,,,aspirina vent  blistx10 x10comp,100.0
7791939000089,ASPIRINA 100 Estuche: 10 blisters x 10 comp. x 100 mg.,"$4.904,38","$2.305,06",53%,50,aspirina,96709.0,54982,54982,ASPIRINA 500 VENT-3 500 mg comp.x 30,,ASPIRINA 500 VENT-3,PT,7791939000461,,UN,1.0,"2422,1",$,570,1,UN,$,1,0.0,UN,1.0,0.0,U$S,1.0,,0.0,0.0,1000000.0,,0.0,0.0,1.0,1.0,1.0,0.0,1.0,,E,0.0,,ITGEV,0,0.0,VENT 3,,,aspirina vent,100.0
7791939000089,ASPIRINA 100 Estuche: 10 blisters x 10 comp. x 100 mg.,"$4.904,38","$2.305,06",53%,50,aspirina,96708.0,17678,17678,ASPIRINA 100 VENT-3 100mg blist.x10 x10comp.,,ASPIRINA 100 VENT-3,PT,7791939000089,,UN,1.0,"4904,38",$,"2305,06",1,UN,$,1,0.0,UN,1.0,0.0,U$S,1.0,,0.0,0.0,1000000.0,,0.0,0.0,1.0,1.0,1.0,0.0,1.0,,E,0.0,,ITGEV,0,0.0,VENT 3,,,aspirina vent  blistx10 x10comp,100.0
7791939000089,ASPIRINA 100 Estuche: 10 blisters x 10 comp. x 100 mg.,"$4.904,38","$2.305,06",53%,50,aspirina,96711.0,54342,54342,ASPIRINA 500 VENT-3 500mg blíst.x20 x30comp.,,ASPIRINA 500 VENT-3,PT,7791939000461,,UN,1.0,"52317,34",$,11400,1,UN,$,1,0.0,UN,1.0,0.0,U$S,1.0,,0.0,0.0,1000000.0,,0.0,0.0,1.0,1.0,1.0,0.0,1.0,,E,0.0,,ITGEV,0,0.0,VENT 3,,,aspirina vent  blístx20 x30comp,100.0
7791939000089,ASPIRINA 100 Estuche: 10 blisters x 10 comp. x 100 mg.,"$4.904,38","$2.305,06",53%,50,aspirina,123067.0,MEG-IAG-00319,53704,ASPIRINA 500MG X COMP. (PH) - VENT3,BLISTER X 30 COMPRIMIDOS - UM: COMPRIMIDOS,ASPIR500mgHospit,EM,,,UN,1.0,0,$,24,1,UN,$,1,0.0,UN,1.0,0.0,U$S,1.0,,10.0,10.0,500.0,,0.0,0.0,1.0,1.0,1.0,0.0,1.0,,E,0.0,,ITGEV,0,0.0,VENT 3,,,aspirina  ph vent3,100.0
7791939000089,ASPIRINA 100 Estuche: 10 blisters x 10 comp. x 100 mg.,"$4.904,38","$2.305,06",53%,50,aspirina,96712.0,15478,15478,ASPIRINA C VENT-3 comp.x 16,,ASPIRINA C VENT-3 co,PT,7791939000034,,UN,1.0,67,$,0,1,UN,$,1,0.0,UN,1.0,0.0,U$S,0.0,,0.0,0.0,1000000.0,,0.0,0.0,1.0,1.0,1.0,0.0,1.0,,E,0.0,,ITGEV,0,0.0,VENT 3,,,aspirina c vent,100.0
7791939000089,ASPIRINA 100 Estuche: 10 blisters x 10 comp. x 100 mg.,"$4.904,38","$2.305,06",53%,50,aspirina,96712.0,15478,15478,ASPIRINA C VENT-3 comp.x 16,,ASPIRINA C VENT-3 co,PT,7791939000034,,UN,1.0,67,$,0,1,UN,$,1,0.0,UN,1.0,0.0,U$S,0.0,,0.0,0.0,1000000.0,,0.0,0.0,1.0,1.0,1.0,0.0,1.0,,E,0.0,,ITGEV,0,0.0,VENT 3,,,aspirina c vent,100.0
7791939000089,ASPIRINA 100 Estuche: 10 blisters x 10 comp. x 100 mg.,"$4.904,38","$2.305,06",53%,50,aspirina,125726.0,MEG-IAG-01706,53891,ASPIRINA CARDIO 100MG X COMP (PH) - VENT3,CAJA X 750 COMP. (BLISTER 30 COMP.) - UM: COMP.,CARDIO VENT3 HOSPIT,EM,,,UN,1.0,0,$,"10,3",1,UN,$,1,0.0,UN,1.0,0.0,U$S,1.0,,10.0,10.0,500.0,,0.0,0.0,1.0,1.0,1.0,0.0,1.0,,E,0.0,,ITGEV,0,0.0,VENT 3,,,aspirina cardio  ph vent3,100.0
7791939000089,ASPIRINA 100 Estuche: 10 blisters x 10 comp. x 100 mg.,"$4.904,38","$2.305,06",53%,50,aspirina,96714.0,56449,56449,ASPIRINA CARDIO VENT-3 100 mg blist.x 10,,ASPIRINA CARDIO VENT,PT,,,UN,1.0,26,$,0,1,UN,$,1,0.0,UN,1.0,0.0,U$S,0.0,,0.0,0.0,1000000.0,,0.0,0.0,1.0,1.0,1.0,0.0,1.0,,E,0.0,,ITGEV,0,0.0,VENT 3,,,aspirina cardio vent blist,100.0
7791939000089,ASPIRINA 100 Estuche: 10 blisters x 10 comp. x 100 mg.,"$4.904,38","$2.305,06",53%,50,aspirina,96715.0,48436,48436,ASPIRINA CARDIO VENT-3 100 mg blíst.x 25 x 30 u,,ASPIRINA CARDIO VENT,PT,7791939000539,,UN,1.0,"29774,99",$,7725,1,UN,$,1,0.0,UN,1.0,0.0,U$S,1.0,,0.0,0.0,1000000.0,,0.0,0.0,1.0,1.0,1.0,0.0,1.0,,E,0.0,,ITGEV,0,0.0,VENT 3,,,aspirina cardio vent blíst u,100.0
7791939000089,ASPIRINA 100 Estuche: 10 blisters x 10 comp. x 100 mg.,"$4.904,38","$2.305,06",53%,50,aspirina,96716.0,54981,54981,ASPIRINA CARDIO VENT-3 100 mg comp.x 30,,ASPIRINA CARDIO VENT,PT,7791939001116,,UN,1.0,1310,$,393,1,UN,$,1,0.0,UN,1.0,0.0,U$S,1.0,,0.0,0.0,1000000.0,,0.0,0.0,1.0,1.0,1.0,0.0,1.0,,E,0.0,,ITGEV,0,0.0,VENT 3,,,aspirina cardio vent,100.0
7791939000089,ASPIRINA 100 Estuche: 10 blisters x 10 comp. x 100 mg.,"$4.904,38","$2.305,06",53%,50,aspirina,124555.0,59524,59524,ASPIRINA CARDIO VENT-3 100mg blíst.x1x30 unid.,,ASPIRINA CARDIO VENT,PT,,,UN,1.0,1310,$,309,1,UN,$,1,0.0,UN,1.0,0.0,U$S,1.0,,0.0,0.0,1000000.0,,0.0,0.0,1.0,1.0,1.0,0.0,1.0,,E,0.0,,ITGEV,0,0.0,VENT 3,,,aspirina cardio vent  blístx1x30 unid,100.0
7791939000089,ASPIRINA 100 Estuche: 10 blisters x 10 comp. x 100 mg.,"$4.904,38","$2.305,06",53%,50,aspirina,123062.0,MEG-IAG-03343,53625,ASPIRINA VENT3 100MG,COMPRIMIDOS - UM: COMPRIMIDOS,ult.actual.03/12/24,EM,,,UN,1.0,0,$,14,1,UN,$,1,0.0,UN,1.0,0.0,U$S,1.0,,0.0,0.0,0.0,,0.0,0.0,1.0,1.0,1.0,0.0,1.0,,E,0.0,,ITGEV,0,0.0,VENT 3,,,aspirina vent3 ,100.0
7791939000089,ASPIRINA 100 Estuche: 10 blisters x 10 comp. x 100 mg.,"$4.904,38","$2.305,06",53%,50,aspirina,96709.0,54982,54982,ASPIRINA 500 VENT-3 500 mg comp.x 30,,ASPIRINA 500 VENT-3,PT,7791939000461,,UN,1.0,"2422,1",$,570,1,UN,$,1,0.0,UN,1.0,0.0,U$S,1.0,,0.0,0.0,1000000.0,,0.0,0.0,1.0,1.0,1.0,0.0,1.0,,E,0.0,,ITGEV,0,0.0,VENT 3,,,aspirina vent,100.0
7791939000089,ASPIRINA 100 Estuche: 10 blisters x 10 comp. x 100 mg.,"$4.904,38","$2.305,06",53%,50,aspirina,96718.0,23478,23478,ASPIRINA VENT-3 NIÑOS exhib.blist.x50x10 comp.,,ASPIRINA VENT-3 NIÑO,PT,,,UN,1.0,"56,7",$,0,1,UN,$,1,0.0,UN,1.0,0.0,U$S,0.0,,0.0,0.0,1000000.0,,0.0,0.0,1.0,1.0,1.0,0.0,1.0,,E,0.0,,ITGEV,0,0.0,VENT 3,,,aspirina vent niños exhibblistx50x10,100.0
7791939000089,ASPIRINA 100 Estuche: 10 blisters x 10 comp. x 100 mg.,"$4.904,38","$2.305,06",53%,50,aspirina,123074.0,MEG-IAG-00326,53891,CARDIO VENT3 ASPIRINA 100MG - ANTIAGREGANTE PLAQUETARIO,CAJA X 750 COMP. (BLISTER 30 COMP.) - UM: CAJA,CARDIO VENT3 ASPIRIN,EM,,,UN,1.0,0,$,7725,1,UN,$,1,0.0,UN,1.0,0.0,U$S,1.0,,0.0,0.0,0.0,,0.0,0.0,1.0,1.0,1.0,0.0,1.0,,E,0.0,,ITGEV,0,0.0,VENT 3,,,cardio vent3 aspirina  antiagregante plaquetario,100.0
7791939001116,CARDIO VENT3 30 comp masticables x 100 mg,"$1,31",$393,70%,50,cardio vent3 masticables,,,,,,,,,,,,,,,,,,,,,,,,,,,,,,,,,,,,,,,,,,,,,,,,0.0
7791939000096,CALCIO BASE Estuche: 3 blisters x 20 comp. masticables x 1250 mg.,"$12.995,10","$6.107,70",53%,90,calcio base masticables,,,,,,,,,,,,,,,,,,,,,,,,,,,,,,,,,,,,,,,,,,,,,,,,0.0
7791939000133,CARBON VEGETAL ACTIVADO Estuche: 10 blisters x 10 comp. x 250 mg,"$14.071,69","$6.613,69",53%,50,carbon vegetal activado,96723.0,41678,41678,CARBON VEGETAL ACTIVADO estuche x 100 comp.,,CARBON VEGETAL ACTIV,PT,7791939000133,,UN,1.0,"14071,69",$,"6613,69",1,UN,$,1,0.0,UN,1.0,0.0,U$S,1.0,,0.0,0.0,1000000.0,,0.0,0.0,1.0,1.0,1.0,0.0,1.0,,E,0.0,,ITGEV,0,0.0,VENT 3,,,carbon vegetal activado,100.0
7791939001383,CLONAZEPAM SL                                        Estuche: 5 blister x 10 comp.x 0.25 mg.,"$ 6.208,60","$ 1.738,41",72%,40,clonazepam sl,133445.0,PSI462411,62411,CLONAZEPAM 0.5 mg comp.x 50,,CLONAZEPAM 0.5 mg co,PSI,7791939001390,,UN,1.0,"11824,64",$,0,1,UN,$,1,0.0,UN,1.0,0.0,U$S,1.0,,0.0,0.0,1000000.0,,0.0,0.0,1.0,1.0,1.0,0.0,1.0,,E,0.0,,ITGEV,0,0.0,VENT 3,,,clonazepam,100.0
7791939001383,CLONAZEPAM SL                                        Estuche: 5 blister x 10 comp.x 0.25 mg.,"$ 6.208,60","$ 1.738,41",72%,40,clonazepam sl,133445.0,PSI462411,62411,CLONAZEPAM 0.5 mg comp.x 50,,CLONAZEPAM 0.5 mg co,PSI,7791939001390,,UN,1.0,"11824,64",$,0,1,UN,$,1,0.0,UN,1.0,0.0,U$S,1.0,,0.0,0.0,1000000.0,,0.0,0.0,1.0,1.0,1.0,0.0,1.0,,E,0.0,,ITGEV,0,0.0,VENT 3,,,clonazepam,100.0
7791939001383,CLONAZEPAM SL                                        Estuche: 5 blister x 10 comp.x 0.25 mg.,"$ 6.208,60","$ 1.738,41",72%,40,clonazepam sl,133445.0,PSI462411,62411,CLONAZEPAM 0.5 mg comp.x 50,,CLONAZEPAM 0.5 mg co,PSI,7791939001390,,UN,1.0,"11824,64",$,0,1,UN,$,1,0.0,UN,1.0,0.0,U$S,1.0,,0.0,0.0,1000000.0,,0.0,0.0,1.0,1.0,1.0,0.0,1.0,,E,0.0,,ITGEV,0,0.0,VENT 3,,,clonazepam,100.0
7791939001383,CLONAZEPAM SL                                        Estuche: 5 blister x 10 comp.x 0.25 mg.,"$ 6.208,60","$ 1.738,41",72%,40,clonazepam sl,133448.0,PSI462410,62410,CLONAZEPAM SL 0.25 mg comp.x 50,,CLONAZEPAM SL 0.25 m,PSI,7791939001383,,UN,1.0,"6208,6",$,0,1,UN,$,1,0.0,UN,1.0,0.0,U$S,1.0,,0.0,0.0,1000000.0,,0.0,0.0,1.0,1.0,1.0,0.0,1.0,,E,0.0,,ITGEV,0,0.0,VENT 3,,,clonazepam sl,100.0
7791939001390,CLONAZEPAM                                            Estuche: 5 blister x 10 comp.x 0.5 mg.,"$ 11.824,64","$ 3.310,90",72%,40,clonazepam,133445.0,PSI462411,62411,CLONAZEPAM 0.5 mg comp.x 50,,CLONAZEPAM 0.5 mg co,PSI,7791939001390,,UN,1.0,"11824,64",$,0,1,UN,$,1,0.0,UN,1.0,0.0,U$S,1.0,,0.0,0.0,1000000.0,,0.0,0.0,1.0,1.0,1.0,0.0,1.0,,E,0.0,,ITGEV,0,0.0,VENT 3,,,clonazepam,100.0
7791939001390,CLONAZEPAM                                            Estuche: 5 blister x 10 comp.x 0.5 mg.,"$ 11.824,64","$ 3.310,90",72%,40,clonazepam,133445.0,PSI462411,62411,CLONAZEPAM 0.5 mg comp.x 50,,CLONAZEPAM 0.5 mg co,PSI,7791939001390,,UN,1.0,"11824,64",$,0,1,UN,$,1,0.0,UN,1.0,0.0,U$S,1.0,,0.0,0.0,1000000.0,,0.0,0.0,1.0,1.0,1.0,0.0,1.0,,E,0.0,,ITGEV,0,0.0,VENT 3,,,clonazepam,100.0
7791939001390,CLONAZEPAM                                            Estuche: 5 blister x 10 comp.x 0.5 mg.,"$ 11.824,64","$ 3.310,90",72%,40,clonazepam,133445.0,PSI462411,62411,CLONAZEPAM 0.5 mg comp.x 50,,CLONAZEPAM 0.5 mg co,PSI,7791939001390,,UN,1.0,"11824,64",$,0,1,UN,$,1,0.0,UN,1.0,0.0,U$S,1.0,,0.0,0.0,1000000.0,,0.0,0.0,1.0,1.0,1.0,0.0,1.0,,E,0.0,,ITGEV,0,0.0,VENT 3,,,clonazepam,100.0
7791939001390,CLONAZEPAM                                            Estuche: 5 blister x 10 comp.x 0.5 mg.,"$ 11.824,64","$ 3.310,90",72%,40,clonazepam,133448.0,PSI462410,62410,CLONAZEPAM SL 0.25 mg comp.x 50,,CLONAZEPAM SL 0.25 m,PSI,7791939001383,,UN,1.0,"6208,6",$,0,1,UN,$,1,0.0,UN,1.0,0.0,U$S,1.0,,0.0,0.0,1000000.0,,0.0,0.0,1.0,1.0,1.0,0.0,1.0,,E,0.0,,ITGEV,0,0.0,VENT 3,,,clonazepam sl,100.0
7791939001413,CLONAZEPAM                                           Estuche: 5 blister x 10 comp.x 1 mg.,"$ 11.326,00","$ 3.171,28",72%,40,clonazepam,133445.0,PSI462411,62411,CLONAZEPAM 0.5 mg comp.x 50,,CLONAZEPAM 0.5 mg co,PSI,7791939001390,,UN,1.0,"11824,64",$,0,1,UN,$,1,0.0,UN,1.0,0.0,U$S,1.0,,0.0,0.0,1000000.0,,0.0,0.0,1.0,1.0,1.0,0.0,1.0,,E,0.0,,ITGEV,0,0.0,VENT 3,,,clonazepam,100.0
7791939001413,CLONAZEPAM                                           Estuche: 5 blister x 10 comp.x 1 mg.,"$ 11.326,00","$ 3.171,28",72%,40,clonazepam,133445.0,PSI462411,62411,CLONAZEPAM 0.5 mg comp.x 50,,CLONAZEPAM 0.5 mg co,PSI,7791939001390,,UN,1.0,"11824,64",$,0,1,UN,$,1,0.0,UN,1.0,0.0,U$S,1.0,,0.0,0.0,1000000.0,,0.0,0.0,1.0,1.0,1.0,0.0,1.0,,E,0.0,,ITGEV,0,0.0,VENT 3,,,clonazepam,100.0
7791939001413,CLONAZEPAM                                           Estuche: 5 blister x 10 comp.x 1 mg.,"$ 11.326,00","$ 3.171,28",72%,40,clonazepam,133445.0,PSI462411,62411,CLONAZEPAM 0.5 mg comp.x 50,,CLONAZEPAM 0.5 mg co,PSI,7791939001390,,UN,1.0,"11824,64",$,0,1,UN,$,1,0.0,UN,1.0,0.0,U$S,1.0,,0.0,0.0,1000000.0,,0.0,0.0,1.0,1.0,1.0,0.0,1.0,,E,0.0,,ITGEV,0,0.0,VENT 3,,,clonazepam,100.0
7791939001413,CLONAZEPAM                                           Estuche: 5 blister x 10 comp.x 1 mg.,"$ 11.326,00","$ 3.171,28",72%,40,clonazepam,133448.0,PSI462410,62410,CLONAZEPAM SL 0.25 mg comp.x 50,,CLONAZEPAM SL 0.25 m,PSI,7791939001383,,UN,1.0,"6208,6",$,0,1,UN,$,1,0.0,UN,1.0,0.0,U$S,1.0,,0.0,0.0,1000000.0,,0.0,0.0,1.0,1.0,1.0,0.0,1.0,,E,0.0,,ITGEV,0,0.0,VENT 3,,,clonazepam sl,100.0
7791939001437,CLONAZEPAM                                           Estuche: 5 blister x 10 comp.x 2 mg.,"$ 12.593,93","$ 3.526,30",72%,40,clonazepam,133445.0,PSI462411,62411,CLONAZEPAM 0.5 mg comp.x 50,,CLONAZEPAM 0.5 mg co,PSI,7791939001390,,UN,1.0,"11824,64",$,0,1,UN,$,1,0.0,UN,1.0,0.0,U$S,1.0,,0.0,0.0,1000000.0,,0.0,0.0,1.0,1.0,1.0,0.0,1.0,,E,0.0,,ITGEV,0,0.0,VENT 3,,,clonazepam,100.0
7791939001437,CLONAZEPAM                                           Estuche: 5 blister x 10 comp.x 2 mg.,"$ 12.593,93","$ 3.526,30",72%,40,clonazepam,133445.0,PSI462411,62411,CLONAZEPAM 0.5 mg comp.x 50,,CLONAZEPAM 0.5 mg co,PSI,7791939001390,,UN,1.0,"11824,64",$,0,1,UN,$,1,0.0,UN,1.0,0.0,U$S,1.0,,0.0,0.0,1000000.0,,0.0,0.0,1.0,1.0,1.0,0.0,1.0,,E,0.0,,ITGEV,0,0.0,VENT 3,,,clonazepam,100.0
7791939001437,CLONAZEPAM                                           Estuche: 5 blister x 10 comp.x 2 mg.,"$ 12.593,93","$ 3.526,30",72%,40,clonazepam,133445.0,PSI462411,62411,CLONAZEPAM 0.5 mg comp.x 50,,CLONAZEPAM 0.5 mg co,PSI,7791939001390,,UN,1.0,"11824,64",$,0,1,UN,$,1,0.0,UN,1.0,0.0,U$S,1.0,,0.0,0.0,1000000.0,,0.0,0.0,1.0,1.0,1.0,0.0,1.0,,E,0.0,,ITGEV,0,0.0,VENT 3,,,clonazepam,100.0
7791939001437,CLONAZEPAM                                           Estuche: 5 blister x 10 comp.x 2 mg.,"$ 12.593,93","$ 3.526,30",72%,40,clonazepam,133448.0,PSI462410,62410,CLONAZEPAM SL 0.25 mg comp.x 50,,CLONAZEPAM SL 0.25 m,PSI,7791939001383,,UN,1.0,"6208,6",$,0,1,UN,$,1,0.0,UN,1.0,0.0,U$S,1.0,,0.0,0.0,1000000.0,,0.0,0.0,1.0,1.0,1.0,0.0,1.0,,E,0.0,,ITGEV,0,0.0,VENT 3,,,clonazepam sl,100.0
7791939000416,IBUPROFENO 400 Estuche: 2 blisters x 10 comp. x 400 mg.,"$3.100,34","$868,10",72%,50,ibuprofeno,128821.0,MEG-IAG-01748,IBU400,IBUPROFENO 400MG VENT3,CAJA X 500 COMPRIMIDOS - UM: COMPRIMIDO,ult.actual.28/08/24,EM,,,UN,1.0,0,$,"30,5",1,UN,$,1,,UN,1.0,,U$S,1.0,,0.0,0.0,0.0,,,,1.0,1.0,1.0,0.0,1.0,,F,0.0,,ITGEV,0,0.0,VENT 3,,,ibuprofeno  vent3,100.0
7791939000416,IBUPROFENO 400 Estuche: 2 blisters x 10 comp. x 400 mg.,"$3.100,34","$868,10",72%,50,ibuprofeno,96725.0,50380,50380,IBUPROFENO VENT-3 2% susp.x 90 ml,,IBUPROFENO VENT-3 2%,PT,7791939000584,,UN,1.0,330,$,"107,13",1,UN,$,1,0,UN,1.0,0,U$S,1.0,,0.0,0.0,1000000.0,,0.0,0.0,1.0,1.0,1.0,0.0,1.0,,E,0.0,,ITGEV,0,0.0,VENT 3,,,ibuprofeno vent % susp,100.0
7791939000416,IBUPROFENO 400 Estuche: 2 blisters x 10 comp. x 400 mg.,"$3.100,34","$868,10",72%,50,ibuprofeno,96725.0,50380,50380,IBUPROFENO VENT-3 2% susp.x 90 ml,,IBUPROFENO VENT-3 2%,PT,7791939000584,,UN,1.0,330,$,"107,13",1,UN,$,1,0,UN,1.0,0,U$S,1.0,,0.0,0.0,1000000.0,,0.0,0.0,1.0,1.0,1.0,0.0,1.0,,E,0.0,,ITGEV,0,0.0,VENT 3,,,ibuprofeno vent % susp,100.0
7791939000416,IBUPROFENO 400 Estuche: 2 blisters x 10 comp. x 400 mg.,"$3.100,34","$868,10",72%,50,ibuprofeno,96727.0,44977,44977,IBUPROFENO VENT-3 400 mg blist.comp.x 10,,IBUPROFENO VENT-3 40,PT,,,UN,1.0,"4,24",$,0,1,UN,$,1,0,UN,1.0,0,U$S,0.0,,0.0,0.0,1000000.0,,0.0,0.0,1.0,1.0,1.0,0.0,1.0,,E,0.0,,ITGEV,0,0.0,VENT 3,,,ibuprofeno vent blist,100.0
7791939000416,IBUPROFENO 400 Estuche: 2 blisters x 10 comp. x 400 mg.,"$3.100,34","$868,10",72%,50,ibuprofeno,96728.0,41449,41449,IBUPROFENO VENT-3 400 mg comp.x 20,,IBUPROFENO VENT-3 40,PT,7791939000416,,UN,1.0,"3100,34",$,"868,1",1,UN,$,1,0,UN,1.0,0,U$S,1.0,,0.0,0.0,1000000.0,,0.0,0.0,1.0,1.0,1.0,0.0,1.0,,E,0.0,,ITGEV,0,0.0,VENT 3,,,ibuprofeno vent,100.0
7791939000416,IBUPROFENO 400 Estuche: 2 blisters x 10 comp. x 400 mg.,"$3.100,34","$868,10",72%,50,ibuprofeno,122972.0,MEG-IAG-00223,49368,IBUPROFENO VENT3 400MG,DISPLAY X 500 COMPRIMIDOS - UM: COMPRIMIDOS,IBUPROFENO VENT3 400,EM,,,UN,1.0,0,$,25,1,UN,$,1,0,UN,1.0,0,U$S,1.0,,10.0,10.0,500.0,,0.0,0.0,1.0,1.0,1.0,0.0,1.0,,E,0.0,,ITGEV,0,0.0,VENT 3,,,ibuprofeno vent3 ,100.0
7791939000416,IBUPROFENO 400 Estuche: 2 blisters x 10 comp. x 400 mg.,"$3.100,34","$868,10",72%,50,ibuprofeno,124729.0,59588,59588,IBUPROFENO VENT-3 400mg blíst.x50 x10comp.,Blistera x 50 Blister de 10 Comprimidos - UM: Blistera,IBUPROFENO VENT-3 40,PT,7791939001215,,UN,1.0,"67785,6",$,12500,1,UN,$,1,0,UN,1.0,0,U$S,1.0,,0.0,0.0,1000000.0,,0.0,0.0,1.0,1.0,1.0,0.0,1.0,,E,0.0,,ITGEV,0,0.0,VENT 3,,,ibuprofeno vent  blístx50 x10comp,100.0
7791939000416,IBUPROFENO 400 Estuche: 2 blisters x 10 comp. x 400 mg.,"$3.100,34","$868,10",72%,50,ibuprofeno,96727.0,44977,44977,IBUPROFENO VENT-3 400 mg blist.comp.x 10,,IBUPROFENO VENT-3 40,PT,,,UN,1.0,"4,24",$,0,1,UN,$,1,0,UN,1.0,0,U$S,0.0,,0.0,0.0,1000000.0,,0.0,0.0,1.0,1.0,1.0,0.0,1.0,,E,0.0,,ITGEV,0,0.0,VENT 3,,,ibuprofeno vent blist,100.0
7791939000416,IBUPROFENO 400 Estuche: 2 blisters x 10 comp. x 400 mg.,"$3.100,34","$868,10",72%,50,ibuprofeno,96728.0,41449,41449,IBUPROFENO VENT-3 400 mg comp.x 20,,IBUPROFENO VENT-3 40,PT,7791939000416,,UN,1.0,"3100,34",$,"868,1",1,UN,$,1,0,UN,1.0,0,U$S,1.0,,0.0,0.0,1000000.0,,0.0,0.0,1.0,1.0,1.0,0.0,1.0,,E,0.0,,ITGEV,0,0.0,VENT 3,,,ibuprofeno vent,100.0
7791939000416,IBUPROFENO 400 Estuche: 2 blisters x 10 comp. x 400 mg.,"$3.100,34","$868,10",72%,50,ibuprofeno,122972.0,MEG-IAG-00223,49368,IBUPROFENO VENT3 400MG,DISPLAY X 500 COMPRIMIDOS - UM: COMPRIMIDOS,IBUPROFENO VENT3 400,EM,,,UN,1.0,0,$,25,1,UN,$,1,0,UN,1.0,0,U$S,1.0,,10.0,10.0,500.0,,0.0,0.0,1.0,1.0,1.0,0.0,1.0,,E,0.0,,ITGEV,0,0.0,VENT 3,,,ibuprofeno vent3 ,100.0
7791939000416,IBUPROFENO 400 Estuche: 2 blisters x 10 comp. x 400 mg.,"$3.100,34","$868,10",72%,50,ibuprofeno,124729.0,59588,59588,IBUPROFENO VENT-3 400mg blíst.x50 x10comp.,Blistera x 50 Blister de 10 Comprimidos - UM: Blistera,IBUPROFENO VENT-3 40,PT,7791939001215,,UN,1.0,"67785,6",$,12500,1,UN,$,1,0,UN,1.0,0,U$S,1.0,,0.0,0.0,1000000.0,,0.0,0.0,1.0,1.0,1.0,0.0,1.0,,E,0.0,,ITGEV,0,0.0,VENT 3,,,ibuprofeno vent  blístx50 x10comp,100.0
7791939000416,IBUPROFENO 400 Estuche: 2 blisters x 10 comp. x 400 mg.,"$3.100,34","$868,10",72%,50,ibuprofeno,122995.0,MEG-IAG-00246,50201,IBUPROFENO VENT3 JARABE 4% 90ML,FRASCO X 90ML - UM: FRASCO,IBUPROFENO VENT3 JAR,EM,,,UN,1.0,0,$,1007,1,UN,$,1,0,UN,1.0,0,U$S,1.0,,0.0,0.0,0.0,,0.0,0.0,1.0,1.0,1.0,0.0,1.0,,E,0.0,,ITGEV,0,0.0,VENT 3,,,ibuprofeno vent3 jarabe % ,100.0
7791939000522,IBUPROFENO 600 Estuche: 2 blisters x 10 comp. x 600 mg.,"$6.567,98","$1.839,03",72%,40,ibuprofeno,128821.0,MEG-IAG-01748,IBU400,IBUPROFENO 400MG VENT3,CAJA X 500 COMPRIMIDOS - UM: COMPRIMIDO,ult.actual.28/08/24,EM,,,UN,1.0,0,$,"30,5",1,UN,$,1,,UN,1.0,,U$S,1.0,,0.0,0.0,0.0,,,,1.0,1.0,1.0,0.0,1.0,,F,0.0,,ITGEV,0,0.0,VENT 3,,,ibuprofeno  vent3,100.0
7791939000522,IBUPROFENO 600 Estuche: 2 blisters x 10 comp. x 600 mg.,"$6.567,98","$1.839,03",72%,40,ibuprofeno,96725.0,50380,50380,IBUPROFENO VENT-3 2% susp.x 90 ml,,IBUPROFENO VENT-3 2%,PT,7791939000584,,UN,1.0,330,$,"107,13",1,UN,$,1,0,UN,1.0,0,U$S,1.0,,0.0,0.0,1000000.0,,0.0,0.0,1.0,1.0,1.0,0.0,1.0,,E,0.0,,ITGEV,0,0.0,VENT 3,,,ibuprofeno vent % susp,100.0
7791939000522,IBUPROFENO 600 Estuche: 2 blisters x 10 comp. x 600 mg.,"$6.567,98","$1.839,03",72%,40,ibuprofeno,96725.0,50380,50380,IBUPROFENO VENT-3 2% susp.x 90 ml,,IBUPROFENO VENT-3 2%,PT,7791939000584,,UN,1.0,330,$,"107,13",1,UN,$,1,0,UN,1.0,0,U$S,1.0,,0.0,0.0,1000000.0,,0.0,0.0,1.0,1.0,1.0,0.0,1.0,,E,0.0,,ITGEV,0,0.0,VENT 3,,,ibuprofeno vent % susp,100.0
7791939000522,IBUPROFENO 600 Estuche: 2 blisters x 10 comp. x 600 mg.,"$6.567,98","$1.839,03",72%,40,ibuprofeno,96727.0,44977,44977,IBUPROFENO VENT-3 400 mg blist.comp.x 10,,IBUPROFENO VENT-3 40,PT,,,UN,1.0,"4,24",$,0,1,UN,$,1,0,UN,1.0,0,U$S,0.0,,0.0,0.0,1000000.0,,0.0,0.0,1.0,1.0,1.0,0.0,1.0,,E,0.0,,ITGEV,0,0.0,VENT 3,,,ibuprofeno vent blist,100.0
7791939000522,IBUPROFENO 600 Estuche: 2 blisters x 10 comp. x 600 mg.,"$6.567,98","$1.839,03",72%,40,ibuprofeno,96728.0,41449,41449,IBUPROFENO VENT-3 400 mg comp.x 20,,IBUPROFENO VENT-3 40,PT,7791939000416,,UN,1.0,"3100,34",$,"868,1",1,UN,$,1,0,UN,1.0,0,U$S,1.0,,0.0,0.0,1000000.0,,0.0,0.0,1.0,1.0,1.0,0.0,1.0,,E,0.0,,ITGEV,0,0.0,VENT 3,,,ibuprofeno vent,100.0
7791939000522,IBUPROFENO 600 Estuche: 2 blisters x 10 comp. x 600 mg.,"$6.567,98","$1.839,03",72%,40,ibuprofeno,122972.0,MEG-IAG-00223,49368,IBUPROFENO VENT3 400MG,DISPLAY X 500 COMPRIMIDOS - UM: COMPRIMIDOS,IBUPROFENO VENT3 400,EM,,,UN,1.0,0,$,25,1,UN,$,1,0,UN,1.0,0,U$S,1.0,,10.0,10.0,500.0,,0.0,0.0,1.0,1.0,1.0,0.0,1.0,,E,0.0,,ITGEV,0,0.0,VENT 3,,,ibuprofeno vent3 ,100.0
7791939000522,IBUPROFENO 600 Estuche: 2 blisters x 10 comp. x 600 mg.,"$6.567,98","$1.839,03",72%,40,ibuprofeno,124729.0,59588,59588,IBUPROFENO VENT-3 400mg blíst.x50 x10comp.,Blistera x 50 Blister de 10 Comprimidos - UM: Blistera,IBUPROFENO VENT-3 40,PT,7791939001215,,UN,1.0,"67785,6",$,12500,1,UN,$,1,0,UN,1.0,0,U$S,1.0,,0.0,0.0,1000000.0,,0.0,0.0,1.0,1.0,1.0,0.0,1.0,,E,0.0,,ITGEV,0,0.0,VENT 3,,,ibuprofeno vent  blístx50 x10comp,100.0
7791939000522,IBUPROFENO 600 Estuche: 2 blisters x 10 comp. x 600 mg.,"$6.567,98","$1.839,03",72%,40,ibuprofeno,96727.0,44977,44977,IBUPROFENO VENT-3 400 mg blist.comp.x 10,,IBUPROFENO VENT-3 40,PT,,,UN,1.0,"4,24",$,0,1,UN,$,1,0,UN,1.0,0,U$S,0.0,,0.0,0.0,1000000.0,,0.0,0.0,1.0,1.0,1.0,0.0,1.0,,E,0.0,,ITGEV,0,0.0,VENT 3,,,ibuprofeno vent blist,100.0
7791939000522,IBUPROFENO 600 Estuche: 2 blisters x 10 comp. x 600 mg.,"$6.567,98","$1.839,03",72%,40,ibuprofeno,96728.0,41449,41449,IBUPROFENO VENT-3 400 mg comp.x 20,,IBUPROFENO VENT-3 40,PT,7791939000416,,UN,1.0,"3100,34",$,"868,1",1,UN,$,1,0,UN,1.0,0,U$S,1.0,,0.0,0.0,1000000.0,,0.0,0.0,1.0,1.0,1.0,0.0,1.0,,E,0.0,,ITGEV,0,0.0,VENT 3,,,ibuprofeno vent,100.0
7791939000522,IBUPROFENO 600 Estuche: 2 blisters x 10 comp. x 600 mg.,"$6.567,98","$1.839,03",72%,40,ibuprofeno,122972.0,MEG-IAG-00223,49368,IBUPROFENO VENT3 400MG,DISPLAY X 500 COMPRIMIDOS - UM: COMPRIMIDOS,IBUPROFENO VENT3 400,EM,,,UN,1.0,0,$,25,1,UN,$,1,0,UN,1.0,0,U$S,1.0,,10.0,10.0,500.0,,0.0,0.0,1.0,1.0,1.0,0.0,1.0,,E,0.0,,ITGEV,0,0.0,VENT 3,,,ibuprofeno vent3 ,100.0
7791939000522,IBUPROFENO 600 Estuche: 2 blisters x 10 comp. x 600 mg.,"$6.567,98","$1.839,03",72%,40,ibuprofeno,124729.0,59588,59588,IBUPROFENO VENT-3 400mg blíst.x50 x10comp.,Blistera x 50 Blister de 10 Comprimidos - UM: Blistera,IBUPROFENO VENT-3 40,PT,7791939001215,,UN,1.0,"67785,6",$,12500,1,UN,$,1,0,UN,1.0,0,U$S,1.0,,0.0,0.0,1000000.0,,0.0,0.0,1.0,1.0,1.0,0.0,1.0,,E,0.0,,ITGEV,0,0.0,VENT 3,,,ibuprofeno vent  blístx50 x10comp,100.0
7791939000522,IBUPROFENO 600 Estuche: 2 blisters x 10 comp. x 600 mg.,"$6.567,98","$1.839,03",72%,40,ibuprofeno,122995.0,MEG-IAG-00246,50201,IBUPROFENO VENT3 JARABE 4% 90ML,FRASCO X 90ML - UM: FRASCO,IBUPROFENO VENT3 JAR,EM,,,UN,1.0,0,$,1007,1,UN,$,1,0,UN,1.0,0,U$S,1.0,,0.0,0.0,0.0,,0.0,0.0,1.0,1.0,1.0,0.0,1.0,,E,0.0,,ITGEV,0,0.0,VENT 3,,,ibuprofeno vent3 jarabe % ,100.0
7791939000928,IBUPROFENO Susp. 4% Estuche: 1 frasco x 90 ml.,"$7.217,56","$2.020,92",72%,12,ibuprofeno susp %,96728.0,41449,41449,IBUPROFENO VENT-3 400 mg comp.x 20,,IBUPROFENO VENT-3 40,PT,7791939000416,,UN,1.0,"3100,34",$,"868,1",1,UN,$,1,0,UN,1.0,0,U$S,1.0,,0.0,0.0,1000000.0,,0.0,0.0,1.0,1.0,1.0,0.0,1.0,,E,0.0,,ITGEV,0,0.0,VENT 3,,,ibuprofeno vent,84.61538461538461
7791939000928,IBUPROFENO Susp. 4% Estuche: 1 frasco x 90 ml.,"$7.217,56","$2.020,92",72%,12,ibuprofeno susp %,96728.0,41449,41449,IBUPROFENO VENT-3 400 mg comp.x 20,,IBUPROFENO VENT-3 40,PT,7791939000416,,UN,1.0,"3100,34",$,"868,1",1,UN,$,1,0,UN,1.0,0,U$S,1.0,,0.0,0.0,1000000.0,,0.0,0.0,1.0,1.0,1.0,0.0,1.0,,E,0.0,,ITGEV,0,0.0,VENT 3,,,ibuprofeno vent,84.61538461538461
7791939000928,IBUPROFENO Susp. 4% Estuche: 1 frasco x 90 ml.,"$7.217,56","$2.020,92",72%,12,ibuprofeno susp %,128821.0,MEG-IAG-01748,IBU400,IBUPROFENO 400MG VENT3,CAJA X 500 COMPRIMIDOS - UM: COMPRIMIDO,ult.actual.28/08/24,EM,,,UN,1.0,0,$,"30,5",1,UN,$,1,,UN,1.0,,U$S,1.0,,0.0,0.0,0.0,,,,1.0,1.0,1.0,0.0,1.0,,F,0.0,,ITGEV,0,0.0,VENT 3,,,ibuprofeno  vent3,82.75862068965517
7791939000218,PARACETAMOL 500 Estuche: 2 blisters x 10 comp. x 500 mg.,"$2.340,98","$655,47",72%,50,paracetamol,129871.0,61473,61473,PARACETAMOL 1G 1 g blist x30 comp x10,,PARACETAMOL 1G 1 g b,PT,7791939001369.0,,UN,1.0,"59805,35",$,18000,1.0,UN,$,1.0,0.0,UN,1.0,0.0,U$S,1.0,,0.0,0.0,1000000.0,,0.0,0.0,1.0,1.0,1.0,0.0,1.0,,E,0.0,,ITGEV,0.0,0.0,VENT 3,,,paracetamol  blist x30 x10,100.0
7791939000218,PARACETAMOL 500 Estuche: 2 blisters x 10 comp. x 500 mg.,"$2.340,98","$655,47",72%,50,paracetamol,96737.0,35006,35006,PARACETAMOL FLASH VENT-3 120 mg blister x 10 comp,,PARACETAMOL FLASH VE,PT,7791939000201.0,,UN,1.0,"62,07",$,0,1.0,UN,$,1.0,0.0,UN,1.0,0.0,U$S,0.0,,0.0,0.0,1000000.0,,0.0,0.0,1.0,1.0,1.0,0.0,1.0,,E,0.0,,ITGEV,0.0,0.0,VENT 3,,,paracetamol flash vent,100.0
7791939000218,PARACETAMOL 500 Estuche: 2 blisters x 10 comp. x 500 mg.,"$2.340,98","$655,47",72%,50,paracetamol,96738.0,35004,35004,PARACETAMOL FLASH VENT-3 120 mg comp.mast.x 20,,PARACETAMOL FLASH VE,PT,7791939000188.0,,UN,1.0,"963,91",$,"401,63",1.0,UN,$,1.0,0.0,UN,1.0,0.0,U$S,1.0,,0.0,0.0,1000000.0,,0.0,0.0,1.0,1.0,1.0,0.0,1.0,,E,0.0,,ITGEV,0.0,0.0,VENT 3,,,paracetamol flash vent mast,100.0
7791939000218,PARACETAMOL 500 Estuche: 2 blisters x 10 comp. x 500 mg.,"$2.340,98","$655,47",72%,50,paracetamol,96739.0,54983,54983,PARACETAMOL FLASH VENT-3 120 mg exhib.x 500 comp.,,PARACETAMOL FLASH VE,PT,,,UN,1.0,"2821,5",$,0,1.0,UN,$,1.0,0.0,UN,1.0,0.0,U$S,0.0,,0.0,0.0,1000000.0,,0.0,0.0,1.0,1.0,1.0,0.0,1.0,,E,0.0,,ITGEV,0.0,0.0,VENT 3,,,paracetamol flash vent exhib,100.0
7791939000218,PARACETAMOL 500 Estuche: 2 blisters x 10 comp. x 500 mg.,"$2.340,98","$655,47",72%,50,paracetamol,96740.0,54984,54984,PARACETAMOL TE VENT-3 exhib.sob.x 50 x 5 g,,PARACETAMOL TE VENT-,PT,,,UN,1.0,"43639,37",$,0,1.0,UN,$,1.0,0.0,UN,1.0,0.0,U$S,1.0,,0.0,0.0,1000000.0,,0.0,0.0,1.0,1.0,1.0,0.0,1.0,,E,0.0,,ITGEV,0.0,0.0,VENT 3,,,paracetamol te vent exhibsob,100.0
7791939000218,PARACETAMOL 500 Estuche: 2 blisters x 10 comp. x 500 mg.,"$2.340,98","$655,47",72%,50,paracetamol,96741.0,50330,50330,PARACETAMOL TE VENT-3 sob.x 1 x 5 g,,PARACETAMOL TE VENT-,PT,7791939000157.0,,UN,1.0,"410,21",$,"119,8",1.0,UN,$,1.0,0.0,UN,1.0,0.0,U$S,1.0,,0.0,0.0,1000000.0,,0.0,0.0,1.0,1.0,1.0,0.0,1.0,,E,0.0,,ITGEV,0.0,0.0,VENT 3,,,paracetamol te vent sob,100.0
7791939000218,PARACETAMOL 500 Estuche: 2 blisters x 10 comp. x 500 mg.,"$2.340,98","$655,47",72%,50,paracetamol,125636.0,60075,60075,PARACETAMOL T-PLUS exhib.sob.x 50 x 5 g,,PARACETAMOL T-PLUS e,PT,7791939001253.0,,UN,1.0,"55066,13",$,7558,1.0,UN,$,1.0,0.0,UN,1.0,0.0,U$S,1.0,,0.0,0.0,1000000.0,,0.0,0.0,1.0,1.0,1.0,0.0,1.0,,E,0.0,,ITGEV,0.0,0.0,VENT 3,,,paracetamol tplus exhibsob,100.0
7791939000218,PARACETAMOL 500 Estuche: 2 blisters x 10 comp. x 500 mg.,"$2.340,98","$655,47",72%,50,paracetamol,125637.0,60076,60076,PARACETAMOL T-PLUS sob.x 1 x 5 g,,PARACETAMOL T-PLUS s,PT,,,UN,1.0,"517,62",$,0,1.0,UN,$,1.0,0.0,UN,1.0,0.0,U$S,1.0,,0.0,0.0,1000000.0,,0.0,0.0,1.0,1.0,1.0,0.0,1.0,,E,0.0,,ITGEV,0.0,0.0,VENT 3,,,paracetamol tplus sob,100.0
7791939000218,PARACETAMOL 500 Estuche: 2 blisters x 10 comp. x 500 mg.,"$2.340,98","$655,47",72%,50,paracetamol,123082.0,MEG-IAG-00334,54041,PARACETAMOL VENT3 - T - [PARACETAMOL 500MG GRANULADO - SOBRES DE 5GRS SABOR MIEL Y LIMN],CAJA X 50 SOBRES DE 5GRS CADA UNO - UM: CAJA,PARACETAMOL VENT3 -,EM,,,UN,1.0,0,$,11197,1.0,UN,$,1.0,0.0,UN,1.0,0.0,U$S,1.0,,10.0,10.0,500.0,,0.0,0.0,1.0,1.0,1.0,0.0,1.0,,E,0.0,,ITGEV,0.0,0.0,VENT 3,,,paracetamol vent3 t [paracetamol  granulado  5grs sabor miel  limn],100.0
7791939000218,PARACETAMOL 500 Estuche: 2 blisters x 10 comp. x 500 mg.,"$2.340,98","$655,47",72%,50,paracetamol,96742.0,36132,36132,PARACETAMOL VENT-3 500 mg blist.x 10,,PARACETAMOL VENT-3 5,PT,,,UN,1.0,3,$,0,1.0,UN,$,1.0,0.0,UN,1.0,0.0,U$S,0.0,,0.0,0.0,1000000.0,,0.0,0.0,1.0,1.0,1.0,0.0,1.0,,E,0.0,,ITGEV,0.0,0.0,VENT 3,,,paracetamol vent blist,100.0
7791939000218,PARACETAMOL 500 Estuche: 2 blisters x 10 comp. x 500 mg.,"$2.340,98","$655,47",72%,50,paracetamol,132991.0,MEG-IAG-02080,2080,PARACETAMOL VENT-3 500 mg COMP.,CAJA X 500 COMP. - UM:COMP.,05/11/24,EM,7791939001222.0,,UN,1.0,50,$,31,1.0,UN,$,1.0,0.0,UN,1.0,0.0,U$S,1.0,,0.0,0.0,1000000.0,,0.0,0.0,1.0,1.0,1.0,0.0,1.0,,E,0.0,,ITGEV,0.0,0.0,VENT 3,,,paracetamol vent,100.0
7791939000218,PARACETAMOL 500 Estuche: 2 blisters x 10 comp. x 500 mg.,"$2.340,98","$655,47",72%,50,paracetamol,132991.0,MEG-IAG-02080,2080,PARACETAMOL VENT-3 500 mg COMP.,CAJA X 500 COMP. - UM:COMP.,05/11/24,EM,7791939001222.0,,UN,1.0,50,$,31,1.0,UN,$,1.0,0.0,UN,1.0,0.0,U$S,1.0,,0.0,0.0,1000000.0,,0.0,0.0,1.0,1.0,1.0,0.0,1.0,,E,0.0,,ITGEV,0.0,0.0,VENT 3,,,paracetamol vent,100.0
7791939000218,PARACETAMOL 500 Estuche: 2 blisters x 10 comp. x 500 mg.,"$2.340,98","$655,47",72%,50,paracetamol,124556.0,59525,59525,PARACETAMOL VENT-3 500mg blíst.x50x10comp.,Blistera x 500 comprimidos - UM: Blistera,PARACETAMOL VENT-3 5,PT,7791939001222.0,,UN,1.0,"61918,13",$,16500,1.0,UN,$,1.0,0.0,UN,1.0,0.0,U$S,1.0,,0.0,0.0,1000000.0,,0.0,0.0,1.0,1.0,1.0,0.0,1.0,,E,0.0,,ITGEV,0.0,0.0,VENT 3,,,paracetamol vent  blístx50x10comp,100.0
7791939000218,PARACETAMOL 500 Estuche: 2 blisters x 10 comp. x 500 mg.,"$2.340,98","$655,47",72%,50,paracetamol,96744.0,41679,41679,PARACETAMOL VENT-3 500mg estuche comp.x 100,,PARACETAMOL VENT-3 5,PT,7791939000232.0,,UN,1.0,118,$,0,1.0,UN,$,1.0,0.0,UN,1.0,0.0,U$S,0.0,,0.0,0.0,1000000.0,,0.0,0.0,1.0,1.0,1.0,0.0,1.0,,E,0.0,,ITGEV,0.0,0.0,VENT 3,,,paracetamol vent ,100.0
7791939000218,PARACETAMOL 500 Estuche: 2 blisters x 10 comp. x 500 mg.,"$2.340,98","$655,47",72%,50,paracetamol,132991.0,MEG-IAG-02080,2080,PARACETAMOL VENT-3 500 mg COMP.,CAJA X 500 COMP. - UM:COMP.,05/11/24,EM,7791939001222.0,,UN,1.0,50,$,31,1.0,UN,$,1.0,0.0,UN,1.0,0.0,U$S,1.0,,0.0,0.0,1000000.0,,0.0,0.0,1.0,1.0,1.0,0.0,1.0,,E,0.0,,ITGEV,0.0,0.0,VENT 3,,,paracetamol vent,100.0
7791939000218,PARACETAMOL 500 Estuche: 2 blisters x 10 comp. x 500 mg.,"$2.340,98","$655,47",72%,50,paracetamol,132991.0,MEG-IAG-02080,2080,PARACETAMOL VENT-3 500 mg COMP.,CAJA X 500 COMP. - UM:COMP.,05/11/24,EM,7791939001222.0,,UN,1.0,50,$,31,1.0,UN,$,1.0,0.0,UN,1.0,0.0,U$S,1.0,,0.0,0.0,1000000.0,,0.0,0.0,1.0,1.0,1.0,0.0,1.0,,E,0.0,,ITGEV,0.0,0.0,VENT 3,,,paracetamol vent,100.0
7791939000218,PARACETAMOL 500 Estuche: 2 blisters x 10 comp. x 500 mg.,"$2.340,98","$655,47",72%,50,paracetamol,96747.0,34949,34949,PARACETAMOL VENT-3 exhib.blist.x30x 8 comp.,,PARACETAMOL VENT-3 e,PT,,,UN,1.0,"29,9",$,0,1.0,UN,$,1.0,0.0,UN,1.0,0.0,U$S,0.0,,0.0,0.0,1000000.0,,0.0,0.0,1.0,1.0,1.0,0.0,1.0,,E,0.0,,ITGEV,0.0,0.0,VENT 3,,,paracetamol vent exhibblistx30x,100.0
7791939000218,PARACETAMOL 500 Estuche: 2 blisters x 10 comp. x 500 mg.,"$2.340,98","$655,47",72%,50,paracetamol,122952.0,MEG-IAG-00203,48981,PARACETAMOL VENT3 GOTAS 20ML - SOLUCION AL 10%,FRASCO GOTERO X 20ML - UM: FRASCO,PARACETAMOL VENT3 GO,EM,,,UN,1.0,0,$,740,1.0,UN,$,1.0,0.0,UN,1.0,0.0,U$S,1.0,,10.0,10.0,500.0,,0.0,0.0,1.0,1.0,1.0,0.0,1.0,,E,0.0,,ITGEV,0.0,0.0,VENT 3,,,paracetamol vent3 gotas  solucion al %,100.0
7791939000218,PARACETAMOL 500 Estuche: 2 blisters x 10 comp. x 500 mg.,"$2.340,98","$655,47",72%,50,paracetamol,96748.0,17681,17681,PARACETAMOL VENT-3 gts.x 20 ml,,PARACETAMOL VENT-3 g,PT,7791939000140.0,,UN,1.0,"4007,09",$,"1121,99",1.0,UN,$,1.0,0.0,UN,1.0,0.0,U$S,1.0,,0.0,0.0,1000000.0,,0.0,0.0,1.0,1.0,1.0,0.0,1.0,,E,0.0,,ITGEV,0.0,0.0,VENT 3,,,paracetamol vent gts,100.0
7791939000140,PARACETAMOL GOTAS Estuche: 1 gotero x 20 ml.,"$4.007,09","$$1,121.99",72%,30,paracetamol gotas,96740.0,54984,54984,PARACETAMOL TE VENT-3 exhib.sob.x 50 x 5 g,,PARACETAMOL TE VENT-,PT,,,UN,1.0,"43639,37",$,0,1.0,UN,$,1.0,0.0,UN,1.0,0.0,U$S,1.0,,0.0,0.0,1000000.0,,0.0,0.0,1.0,1.0,1.0,0.0,1.0,,E,0.0,,ITGEV,0.0,0.0,VENT 3,,,paracetamol te vent exhibsob,86.66666666666667
7791939000140,PARACETAMOL GOTAS Estuche: 1 gotero x 20 ml.,"$4.007,09","$$1,121.99",72%,30,paracetamol gotas,96741.0,50330,50330,PARACETAMOL TE VENT-3 sob.x 1 x 5 g,,PARACETAMOL TE VENT-,PT,7791939000157.0,,UN,1.0,"410,21",$,"119,8",1.0,UN,$,1.0,0.0,UN,1.0,0.0,U$S,1.0,,0.0,0.0,1000000.0,,0.0,0.0,1.0,1.0,1.0,0.0,1.0,,E,0.0,,ITGEV,0.0,0.0,VENT 3,,,paracetamol te vent sob,86.66666666666667
7791939000140,PARACETAMOL GOTAS Estuche: 1 gotero x 20 ml.,"$4.007,09","$$1,121.99",72%,30,paracetamol gotas,125636.0,60075,60075,PARACETAMOL T-PLUS exhib.sob.x 50 x 5 g,,PARACETAMOL T-PLUS e,PT,7791939001253.0,,UN,1.0,"55066,13",$,7558,1.0,UN,$,1.0,0.0,UN,1.0,0.0,U$S,1.0,,0.0,0.0,1000000.0,,0.0,0.0,1.0,1.0,1.0,0.0,1.0,,E,0.0,,ITGEV,0.0,0.0,VENT 3,,,paracetamol tplus exhibsob,86.66666666666667
7791939000140,PARACETAMOL GOTAS Estuche: 1 gotero x 20 ml.,"$4.007,09","$$1,121.99",72%,30,paracetamol gotas,125637.0,60076,60076,PARACETAMOL T-PLUS sob.x 1 x 5 g,,PARACETAMOL T-PLUS s,PT,,,UN,1.0,"517,62",$,0,1.0,UN,$,1.0,0.0,UN,1.0,0.0,U$S,1.0,,0.0,0.0,1000000.0,,0.0,0.0,1.0,1.0,1.0,0.0,1.0,,E,0.0,,ITGEV,0.0,0.0,VENT 3,,,paracetamol tplus sob,86.66666666666667
7791939000140,PARACETAMOL GOTAS Estuche: 1 gotero x 20 ml.,"$4.007,09","$$1,121.99",72%,30,paracetamol gotas,132991.0,MEG-IAG-02080,2080,PARACETAMOL VENT-3 500 mg COMP.,CAJA X 500 COMP. - UM:COMP.,05/11/24,EM,7791939001222.0,,UN,1.0,50,$,31,1.0,UN,$,1.0,0.0,UN,1.0,0.0,U$S,1.0,,0.0,0.0,1000000.0,,0.0,0.0,1.0,1.0,1.0,0.0,1.0,,E,0.0,,ITGEV,0.0,0.0,VENT 3,,,paracetamol vent,85.71428571428572
7791939000140,PARACETAMOL GOTAS Estuche: 1 gotero x 20 ml.,"$4.007,09","$$1,121.99",72%,30,paracetamol gotas,132991.0,MEG-IAG-02080,2080,PARACETAMOL VENT-3 500 mg COMP.,CAJA X 500 COMP. - UM:COMP.,05/11/24,EM,7791939001222.0,,UN,1.0,50,$,31,1.0,UN,$,1.0,0.0,UN,1.0,0.0,U$S,1.0,,0.0,0.0,1000000.0,,0.0,0.0,1.0,1.0,1.0,0.0,1.0,,E,0.0,,ITGEV,0.0,0.0,VENT 3,,,paracetamol vent,85.71428571428572
7791939000140,PARACETAMOL GOTAS Estuche: 1 gotero x 20 ml.,"$4.007,09","$$1,121.99",72%,30,paracetamol gotas,132991.0,MEG-IAG-02080,2080,PARACETAMOL VENT-3 500 mg COMP.,CAJA X 500 COMP. - UM:COMP.,05/11/24,EM,7791939001222.0,,UN,1.0,50,$,31,1.0,UN,$,1.0,0.0,UN,1.0,0.0,U$S,1.0,,0.0,0.0,1000000.0,,0.0,0.0,1.0,1.0,1.0,0.0,1.0,,E,0.0,,ITGEV,0.0,0.0,VENT 3,,,paracetamol vent,85.71428571428572
7791939000140,PARACETAMOL GOTAS Estuche: 1 gotero x 20 ml.,"$4.007,09","$$1,121.99",72%,30,paracetamol gotas,132991.0,MEG-IAG-02080,2080,PARACETAMOL VENT-3 500 mg COMP.,CAJA X 500 COMP. - UM:COMP.,05/11/24,EM,7791939001222.0,,UN,1.0,50,$,31,1.0,UN,$,1.0,0.0,UN,1.0,0.0,U$S,1.0,,0.0,0.0,1000000.0,,0.0,0.0,1.0,1.0,1.0,0.0,1.0,,E,0.0,,ITGEV,0.0,0.0,VENT 3,,,paracetamol vent,85.71428571428572
7791939000140,PARACETAMOL GOTAS Estuche: 1 gotero x 20 ml.,"$4.007,09","$$1,121.99",72%,30,paracetamol gotas,96737.0,35006,35006,PARACETAMOL FLASH VENT-3 120 mg blister x 10 comp,,PARACETAMOL FLASH VE,PT,7791939000201.0,,UN,1.0,"62,07",$,0,1.0,UN,$,1.0,0.0,UN,1.0,0.0,U$S,0.0,,0.0,0.0,1000000.0,,0.0,0.0,1.0,1.0,1.0,0.0,1.0,,E,0.0,,ITGEV,0.0,0.0,VENT 3,,,paracetamol flash vent,84.84848484848484
7791939000140,PARACETAMOL GOTAS Estuche: 1 gotero x 20 ml.,"$4.007,09","$$1,121.99",72%,30,paracetamol gotas,96738.0,35004,35004,PARACETAMOL FLASH VENT-3 120 mg comp.mast.x 20,,PARACETAMOL FLASH VE,PT,7791939000188.0,,UN,1.0,"963,91",$,"401,63",1.0,UN,$,1.0,0.0,UN,1.0,0.0,U$S,1.0,,0.0,0.0,1000000.0,,0.0,0.0,1.0,1.0,1.0,0.0,1.0,,E,0.0,,ITGEV,0.0,0.0,VENT 3,,,paracetamol flash vent mast,84.84848484848484
7791939000140,PARACETAMOL GOTAS Estuche: 1 gotero x 20 ml.,"$4.007,09","$$1,121.99",72%,30,paracetamol gotas,96739.0,54983,54983,PARACETAMOL FLASH VENT-3 120 mg exhib.x 500 comp.,,PARACETAMOL FLASH VE,PT,,,UN,1.0,"2821,5",$,0,1.0,UN,$,1.0,0.0,UN,1.0,0.0,U$S,0.0,,0.0,0.0,1000000.0,,0.0,0.0,1.0,1.0,1.0,0.0,1.0,,E,0.0,,ITGEV,0.0,0.0,VENT 3,,,paracetamol flash vent exhib,84.84848484848484
7791939000140,PARACETAMOL GOTAS Estuche: 1 gotero x 20 ml.,"$4.007,09","$$1,121.99",72%,30,paracetamol gotas,129871.0,61473,61473,PARACETAMOL 1G 1 g blist x30 comp x10,,PARACETAMOL 1G 1 g b,PT,7791939001369.0,,UN,1.0,"59805,35",$,18000,1.0,UN,$,1.0,0.0,UN,1.0,0.0,U$S,1.0,,0.0,0.0,1000000.0,,0.0,0.0,1.0,1.0,1.0,0.0,1.0,,E,0.0,,ITGEV,0.0,0.0,VENT 3,,,paracetamol  blist x30 x10,82.75862068965517
7791939000140,PARACETAMOL GOTAS Estuche: 1 gotero x 20 ml.,"$4.007,09","$$1,121.99",72%,30,paracetamol gotas,123082.0,MEG-IAG-00334,54041,PARACETAMOL VENT3 - T - [PARACETAMOL 500MG GRANULADO - SOBRES DE 5GRS SABOR MIEL Y LIMN],CAJA X 50 SOBRES DE 5GRS CADA UNO - UM: CAJA,PARACETAMOL VENT3 -,EM,,,UN,1.0,0,$,11197,1.0,UN,$,1.0,0.0,UN,1.0,0.0,U$S,1.0,,10.0,10.0,500.0,,0.0,0.0,1.0,1.0,1.0,0.0,1.0,,E,0.0,,ITGEV,0.0,0.0,VENT 3,,,paracetamol vent3 t [paracetamol  granulado  5grs sabor miel  limn],82.75862068965517
7791939000140,PARACETAMOL GOTAS Estuche: 1 gotero x 20 ml.,"$4.007,09","$$1,121.99",72%,30,paracetamol gotas,96742.0,36132,36132,PARACETAMOL VENT-3 500 mg blist.x 10,,PARACETAMOL VENT-3 5,PT,,,UN,1.0,3,$,0,1.0,UN,$,1.0,0.0,UN,1.0,0.0,U$S,0.0,,0.0,0.0,1000000.0,,0.0,0.0,1.0,1.0,1.0,0.0,1.0,,E,0.0,,ITGEV,0.0,0.0,VENT 3,,,paracetamol vent blist,82.75862068965517
7791939000140,PARACETAMOL GOTAS Estuche: 1 gotero x 20 ml.,"$4.007,09","$$1,121.99",72%,30,paracetamol gotas,124556.0,59525,59525,PARACETAMOL VENT-3 500mg blíst.x50x10comp.,Blistera x 500 comprimidos - UM: Blistera,PARACETAMOL VENT-3 5,PT,7791939001222.0,,UN,1.0,"61918,13",$,16500,1.0,UN,$,1.0,0.0,UN,1.0,0.0,U$S,1.0,,0.0,0.0,1000000.0,,0.0,0.0,1.0,1.0,1.0,0.0,1.0,,E,0.0,,ITGEV,0.0,0.0,VENT 3,,,paracetamol vent  blístx50x10comp,82.75862068965517
7791939000140,PARACETAMOL GOTAS Estuche: 1 gotero x 20 ml.,"$4.007,09","$$1,121.99",72%,30,paracetamol gotas,96744.0,41679,41679,PARACETAMOL VENT-3 500mg estuche comp.x 100,,PARACETAMOL VENT-3 5,PT,7791939000232.0,,UN,1.0,118,$,0,1.0,UN,$,1.0,0.0,UN,1.0,0.0,U$S,0.0,,0.0,0.0,1000000.0,,0.0,0.0,1.0,1.0,1.0,0.0,1.0,,E,0.0,,ITGEV,0.0,0.0,VENT 3,,,paracetamol vent ,82.75862068965517
7791939000140,PARACETAMOL GOTAS Estuche: 1 gotero x 20 ml.,"$4.007,09","$$1,121.99",72%,30,paracetamol gotas,96747.0,34949,34949,PARACETAMOL VENT-3 exhib.blist.x30x 8 comp.,,PARACETAMOL VENT-3 e,PT,,,UN,1.0,"29,9",$,0,1.0,UN,$,1.0,0.0,UN,1.0,0.0,U$S,0.0,,0.0,0.0,1000000.0,,0.0,0.0,1.0,1.0,1.0,0.0,1.0,,E,0.0,,ITGEV,0.0,0.0,VENT 3,,,paracetamol vent exhibblistx30x,82.75862068965517
7791939000140,PARACETAMOL GOTAS Estuche: 1 gotero x 20 ml.,"$4.007,09","$$1,121.99",72%,30,paracetamol gotas,122952.0,MEG-IAG-00203,48981,PARACETAMOL VENT3 GOTAS 20ML - SOLUCION AL 10%,FRASCO GOTERO X 20ML - UM: FRASCO,PARACETAMOL VENT3 GO,EM,,,UN,1.0,0,$,740,1.0,UN,$,1.0,0.0,UN,1.0,0.0,U$S,1.0,,10.0,10.0,500.0,,0.0,0.0,1.0,1.0,1.0,0.0,1.0,,E,0.0,,ITGEV,0.0,0.0,VENT 3,,,paracetamol vent3 gotas  solucion al %,82.75862068965517
7791939000140,PARACETAMOL GOTAS Estuche: 1 gotero x 20 ml.,"$4.007,09","$$1,121.99",72%,30,paracetamol gotas,96748.0,17681,17681,PARACETAMOL VENT-3 gts.x 20 ml,,PARACETAMOL VENT-3 g,PT,7791939000140.0,,UN,1.0,"4007,09",$,"1121,99",1.0,UN,$,1.0,0.0,UN,1.0,0.0,U$S,1.0,,0.0,0.0,1000000.0,,0.0,0.0,1.0,1.0,1.0,0.0,1.0,,E,0.0,,ITGEV,0.0,0.0,VENT 3,,,paracetamol vent gts,82.75862068965517
7791939000171,"SALES REHIDRATACION ORAL                  Estuche: 3 sobres x 27,9 grs.","$9.318,90","$4.379,88",53%,60,sales rehidratacion oral grs,123049.0,MEG-IAG-00301,53335,SALES PARA REHIDRATACION ORAL - SABOR FRUTADO,"SOBRES X 27,9GRS- UM: SOBRE",SALES PARA REHIDRATA,EM,,,UN,1.0,0,$,1390,1.0,UN,$,1.0,0.0,UN,1.0,0.0,U$S,1.0,,0.0,0.0,0.0,,0.0,0.0,1.0,1.0,1.0,0.0,1.0,,E,0.0,,ITGEV,0.0,0.0,VENT 3,,,sales  rehidratacion oral sabor frutado,94.54545454545455
7791939000171,"SALES REHIDRATACION ORAL                  Estuche: 3 sobres x 27,9 grs.","$9.318,90","$4.379,88",53%,60,sales rehidratacion oral grs,96761.0,34942,34942,SALES PARA REHIDRATACION ORAL sabor.sob.x 3 x 27.9 g,CAJA X 3 SOBRES UM: SOBRE,SALES PARA REHIDRATA,PT,7791939000751.0,,UN,1.0,"16094,72",$,"5311,26",1.0,UN,$,1.0,0.0,UN,1.0,0.0,U$S,1.0,,0.0,0.0,1000000.0,,0.0,0.0,1.0,1.0,1.0,0.0,1.0,,E,0.0,,ITGEV,0.0,0.0,VENT 3,,,sales  rehidratacion oral saborsob,94.54545454545455
7791939000171,"SALES REHIDRATACION ORAL                  Estuche: 3 sobres x 27,9 grs.","$9.318,90","$4.379,88",53%,60,sales rehidratacion oral grs,96762.0,10069,10069,SALES PARA REHIDRATACION ORAL sob.x 3 x 27.9 g,CAJA X 3 SOBRES. UM: SOBRE,SALES PARA REHIDRATA,PT,7791939000171.0,,UN,1.0,"9318,9",$,"4379,88",1.0,UN,$,1.0,0.0,UN,1.0,0.0,U$S,1.0,,0.0,0.0,1000000.0,,0.0,0.0,1.0,1.0,1.0,0.0,1.0,,E,0.0,,ITGEV,0.0,0.0,VENT 3,,,sales  rehidratacion oral sob,94.54545454545455
7791939000171,"SALES REHIDRATACION ORAL                  Estuche: 3 sobres x 27,9 grs.","$9.318,90","$4.379,88",53%,60,sales rehidratacion oral grs,129122.0,MEG-IAG-01779,VENT3,SALES PARA REHIDRATACION ORAL - VENT3,UNIDAD - UM:UNIDAD,ult.actual.03/12/24,EM,,,UN,1.0,0,$,1250,1.0,UN,$,1.0,0.0,UN,1.0,0.0,U$S,1.0,,0.0,0.0,0.0,,0.0,0.0,1.0,1.0,1.0,0.0,1.0,,F,0.0,,ITGEV,0.0,0.0,VENT 3,,,sales  rehidratacion oral vent3,92.5925925925926
7791939000751,"SALES REHIDRATACION ORAL FRUTAL Estuche: 3 sobres x 27,9 grs.","$16.094,72","$5.311,26",67%,60,sales rehidratacion oral frutal grs,96762.0,10069,10069,SALES PARA REHIDRATACION ORAL sob.x 3 x 27.9 g,CAJA X 3 SOBRES. UM: SOBRE,SALES PARA REHIDRATA,PT,7791939000171.0,,UN,1.0,"9318,9",$,"4379,88",1.0,UN,$,1.0,0.0,UN,1.0,0.0,U$S,1.0,,0.0,0.0,1000000.0,,0.0,0.0,1.0,1.0,1.0,0.0,1.0,,E,0.0,,ITGEV,0.0,0.0,VENT 3,,,sales  rehidratacion oral sob,92.5925925925926
7791939000751,"SALES REHIDRATACION ORAL FRUTAL Estuche: 3 sobres x 27,9 grs.","$16.094,72","$5.311,26",67%,60,sales rehidratacion oral frutal grs,129122.0,MEG-IAG-01779,VENT3,SALES PARA REHIDRATACION ORAL - VENT3,UNIDAD - UM:UNIDAD,ult.actual.03/12/24,EM,,,UN,1.0,0,$,1250,1.0,UN,$,1.0,0.0,UN,1.0,0.0,U$S,1.0,,0.0,0.0,0.0,,0.0,0.0,1.0,1.0,1.0,0.0,1.0,,F,0.0,,ITGEV,0.0,0.0,VENT 3,,,sales  rehidratacion oral vent3,89.28571428571429
7791939000751,"SALES REHIDRATACION ORAL FRUTAL Estuche: 3 sobres x 27,9 grs.","$16.094,72","$5.311,26",67%,60,sales rehidratacion oral frutal grs,96761.0,34942,34942,SALES PARA REHIDRATACION ORAL sabor.sob.x 3 x 27.9 g,CAJA X 3 SOBRES UM: SOBRE,SALES PARA REHIDRATA,PT,7791939000751.0,,UN,1.0,"16094,72",$,"5311,26",1.0,UN,$,1.0,0.0,UN,1.0,0.0,U$S,1.0,,0.0,0.0,1000000.0,,0.0,0.0,1.0,1.0,1.0,0.0,1.0,,E,0.0,,ITGEV,0.0,0.0,VENT 3,,,sales  rehidratacion oral saborsob,85.24590163934427
7791939000751,"SALES REHIDRATACION ORAL FRUTAL Estuche: 3 sobres x 27,9 grs.","$16.094,72","$5.311,26",67%,60,sales rehidratacion oral frutal grs,123049.0,MEG-IAG-00301,53335,SALES PARA REHIDRATACION ORAL - SABOR FRUTADO,"SOBRES X 27,9GRS- UM: SOBRE",SALES PARA REHIDRATA,EM,,,UN,1.0,0,$,1390,1.0,UN,$,1.0,0.0,UN,1.0,0.0,U$S,1.0,,0.0,0.0,0.0,,0.0,0.0,1.0,1.0,1.0,0.0,1.0,,E,0.0,,ITGEV,0.0,0.0,VENT 3,,,sales  rehidratacion oral sabor frutado,83.87096774193549
7791939000911,OMEPRAZOL VL 14 cápsulas x 20 mg.,"$2,02",$606,70%,40,omeprazol vl,96736.0,55376,55376,OMEPRAZOL VENT 3 20 mg cáps.x 14,,OMEPRAZOL VENT 3 20,PT,7791939000911.0,,UN,1.0,2020,$,606,1.0,UN,$,1.0,0.0,UN,1.0,0.0,U$S,1.0,,0.0,0.0,1000000.0,,0.0,0.0,1.0,1.0,1.0,0.0,1.0,,E,0.0,,ITGEV,0.0,0.0,VENT 3,,,omeprazol vent cáps,95.65217391304348
7791939000911,OMEPRAZOL VL 14 cápsulas x 20 mg.,"$2,02",$606,70%,40,omeprazol vl,123519.0,58990,58990,OMEPRAZOL VENT 3 20mg blíst.x50 x 14cáps.,Blistera x 50 Blistes x 14 cápsulas - UM: Blistera,OMEPRAZOL VENT 3 20m,PT,7791939001161.0,,UN,1.0,"100997,07",$,17500,1.0,UN,$,1.0,0.0,UN,1.0,0.0,U$S,1.0,,0.0,0.0,1000000.0,,0.0,0.0,1.0,1.0,1.0,0.0,1.0,,E,0.0,,ITGEV,0.0,0.0,VENT 3,,,omeprazol vent  blístx50 14cáps,95.65217391304348
7791939000911,OMEPRAZOL VL 14 cápsulas x 20 mg.,"$2,02",$606,70%,40,omeprazol vl,128689.0,MEG-IAG-00904,5899011,OMEPRAZOL VENT3 20mg - x cápsulas,CAJA X 50 BLISTER DE 14 COMP. - UM:COMPRIMIDO,05/11/24,EM,7791939001161.0,,UN,1.0,"15402,82",$,"28,5",1.0,UN,$,1.0,0.0,UN,1.0,0.0,U$S,1.0,,0.0,0.0,1000000.0,,0.0,0.0,1.0,1.0,1.0,0.0,1.0,,E,0.0,,ITGEV,0.0,0.0,VENT 3,,,omeprazol vent3 ,95.65217391304348
7791939000614,ENALAPRIL Estuche: 30 comp. x 10 mg.,"$5.908,63","$1.654,42",72%,50,enalapril,96724.0,55375,55375,ENALAPRIL 10 MG 10 mg comp.x 30,,ENALAPRIL 10 MG 10 m,PT,7791939000614,,UN,1.0,"5908,63",$,"1654,42",1,UN,$,1,0,UN,1.0,0,U$S,1.0,,0.0,0.0,1000000.0,,0.0,0.0,1.0,1.0,1.0,0.0,1.0,,E,0.0,,ITGEV,0,0.0,VENT 3,,,enalapril,100.0
7791939000614,ENALAPRIL Estuche: 30 comp. x 10 mg.,"$5.908,63","$1.654,42",72%,50,enalapril,131147.0,MEG-IAG-01931,ENA,ENALAPRIL 10 MG VENT3,UM: COMPRIMIDO,ult.actual.28/08/24,EM,,,UN,1.0,0,$,"27,5",1,UN,$,1,0,UN,1.0,0,U$S,1.0,,0.0,0.0,0.0,,,,1.0,1.0,1.0,0.0,1.0,,F,0.0,,ITGEV,0,0.0,VENT 3,,,enalapril vent3,100.0
